/*
 Navicat Premium Data Transfer

 Source Server         : local_docker
 Source Server Type    : MySQL
 Source Server Version : 100148
 Source Host           : localhost:3308
 Source Schema         : DTest

 Target Server Type    : MySQL
 Target Server Version : 100148
 File Encoding         : 65001

 Date: 30/10/2023 09:41:35
*/

SET NAMES utf8mb4;
SET FOREIGN_KEY_CHECKS = 0;

-- ----------------------------
-- Table structure for candidato
-- ----------------------------
DROP TABLE IF EXISTS `candidato`;
CREATE TABLE `candidato`  (
  `id_candidato` int UNSIGNED NOT NULL AUTO_INCREMENT,
  `nom_candidato` varchar(255) CHARACTER SET latin1 COLLATE latin1_swedish_ci NOT NULL,
  `app_candidato` varchar(255) CHARACTER SET latin1 COLLATE latin1_swedish_ci NOT NULL,
  `apm_candidato` varchar(255) CHARACTER SET latin1 COLLATE latin1_swedish_ci NOT NULL,
  PRIMARY KEY (`id_candidato`) USING BTREE
) ENGINE = InnoDB AUTO_INCREMENT = 5 CHARACTER SET = latin1 COLLATE = latin1_swedish_ci ROW_FORMAT = Compact;

-- ----------------------------
-- Records of candidato
-- ----------------------------
INSERT INTO `candidato` VALUES (1, 'JUAN', 'BLANCO', 'BLANCO');
INSERT INTO `candidato` VALUES (2, 'PEDRO', 'PEREZ', 'PEREZ');
INSERT INTO `candidato` VALUES (3, 'ROBERTO ', 'CERDA', 'NIÑO');
INSERT INTO `candidato` VALUES (4, 'NIEVES', 'ROA', 'AZOCAR');

-- ----------------------------
-- Table structure for comuna
-- ----------------------------
DROP TABLE IF EXISTS `comuna`;
CREATE TABLE `comuna`  (
  `id_comuna` int NOT NULL DEFAULT 0,
  `glosa_comuna` char(64) CHARACTER SET latin1 COLLATE latin1_swedish_ci NOT NULL DEFAULT '',
  `region` int NOT NULL DEFAULT 0,
  PRIMARY KEY (`id_comuna`) USING BTREE
) ENGINE = InnoDB CHARACTER SET = latin1 COLLATE = latin1_swedish_ci ROW_FORMAT = COMPACT;

-- ----------------------------
-- Records of comuna
-- ----------------------------
INSERT INTO `comuna` VALUES (1101, 'IQUIQUE', 1);
INSERT INTO `comuna` VALUES (1102, 'CAMIÑA', 1);
INSERT INTO `comuna` VALUES (1103, 'COLCHANE', 1);
INSERT INTO `comuna` VALUES (1104, 'HUARA', 1);
INSERT INTO `comuna` VALUES (1105, 'PICA', 1);
INSERT INTO `comuna` VALUES (1106, 'POZO ALMONTE', 1);
INSERT INTO `comuna` VALUES (1201, 'ARICA', 15);
INSERT INTO `comuna` VALUES (1202, 'CAMARONES', 15);
INSERT INTO `comuna` VALUES (1301, 'PUTRE', 15);
INSERT INTO `comuna` VALUES (1302, 'GENERAL LAGOS', 15);
INSERT INTO `comuna` VALUES (2101, 'ANTOFAGASTA', 2);
INSERT INTO `comuna` VALUES (2102, 'MEJILLONES', 2);
INSERT INTO `comuna` VALUES (2103, 'SIERRA', 2);
INSERT INTO `comuna` VALUES (2104, 'TALTAL', 2);
INSERT INTO `comuna` VALUES (2201, 'CALAMA', 2);
INSERT INTO `comuna` VALUES (2202, 'OLLAGÜE', 2);
INSERT INTO `comuna` VALUES (2203, 'SAN PEDRO DE ATACAMA', 2);
INSERT INTO `comuna` VALUES (2301, 'TOCOPILLA', 2);
INSERT INTO `comuna` VALUES (2302, 'MARÍA ELENA', 2);
INSERT INTO `comuna` VALUES (3101, 'COPIAPÓ', 3);
INSERT INTO `comuna` VALUES (3102, 'CALDERA', 3);
INSERT INTO `comuna` VALUES (3103, 'TIERRA AMARILLA', 3);
INSERT INTO `comuna` VALUES (3201, 'CHAÑARAL', 3);
INSERT INTO `comuna` VALUES (3202, 'DIEGO DE ALMAGRO', 3);
INSERT INTO `comuna` VALUES (3301, 'VALLENAR', 3);
INSERT INTO `comuna` VALUES (3302, 'ALTO DEL CARMEN', 3);
INSERT INTO `comuna` VALUES (3303, 'FREIRINA', 3);
INSERT INTO `comuna` VALUES (3304, 'HUASCO', 3);
INSERT INTO `comuna` VALUES (4101, 'LA SERENA', 4);
INSERT INTO `comuna` VALUES (4102, 'COQUIMBO', 4);
INSERT INTO `comuna` VALUES (4103, 'ANDACOLLO', 4);
INSERT INTO `comuna` VALUES (4104, 'LA HIGUERA', 4);
INSERT INTO `comuna` VALUES (4105, 'PAIHUANO', 4);
INSERT INTO `comuna` VALUES (4106, 'VICUÑA', 4);
INSERT INTO `comuna` VALUES (4201, 'ILLAPEL', 4);
INSERT INTO `comuna` VALUES (4202, 'CANELA', 4);
INSERT INTO `comuna` VALUES (4203, 'LOS VILOS', 4);
INSERT INTO `comuna` VALUES (4204, 'SALAMANCA', 4);
INSERT INTO `comuna` VALUES (4301, 'OVALLE', 4);
INSERT INTO `comuna` VALUES (4302, 'COMBARBALÁ', 4);
INSERT INTO `comuna` VALUES (4303, 'MONTE PATRIA', 4);
INSERT INTO `comuna` VALUES (4304, 'PUNITAQUI', 4);
INSERT INTO `comuna` VALUES (4305, 'RÍO HURTADO', 4);
INSERT INTO `comuna` VALUES (5101, 'VALPARAÍSO', 5);
INSERT INTO `comuna` VALUES (5102, 'CASABLANCA', 5);
INSERT INTO `comuna` VALUES (5103, 'CONCON', 5);
INSERT INTO `comuna` VALUES (5104, 'JUAN FERNÁNDEZ', 5);
INSERT INTO `comuna` VALUES (5105, 'PUCHUNCAVÍ', 5);
INSERT INTO `comuna` VALUES (5106, 'QUILPUÉ', 5);
INSERT INTO `comuna` VALUES (5107, 'QUINTERO', 5);
INSERT INTO `comuna` VALUES (5108, 'VILLA ALEMANA', 5);
INSERT INTO `comuna` VALUES (5109, 'VIÑA DEL MAR', 5);
INSERT INTO `comuna` VALUES (5201, 'ISLA DE PASCUA', 5);
INSERT INTO `comuna` VALUES (5301, 'LOS ANDES', 5);
INSERT INTO `comuna` VALUES (5302, 'CALLE LARGA', 5);
INSERT INTO `comuna` VALUES (5303, 'RINCONADA', 5);
INSERT INTO `comuna` VALUES (5304, 'SAN ESTEBAN', 5);
INSERT INTO `comuna` VALUES (5401, 'LA LIGUA', 5);
INSERT INTO `comuna` VALUES (5402, 'CABILDO', 5);
INSERT INTO `comuna` VALUES (5403, 'PAPUDO', 5);
INSERT INTO `comuna` VALUES (5404, 'PETORCA', 5);
INSERT INTO `comuna` VALUES (5405, 'ZAPALLAR', 5);
INSERT INTO `comuna` VALUES (5501, 'QUILLOTA', 5);
INSERT INTO `comuna` VALUES (5502, 'CALERA', 5);
INSERT INTO `comuna` VALUES (5503, 'HIJUELAS', 5);
INSERT INTO `comuna` VALUES (5504, 'LA CRUZ', 5);
INSERT INTO `comuna` VALUES (5505, 'LIMACHE', 5);
INSERT INTO `comuna` VALUES (5506, 'NOGALES', 5);
INSERT INTO `comuna` VALUES (5507, 'OLMUÉ', 5);
INSERT INTO `comuna` VALUES (5601, 'SAN ANTONIO', 5);
INSERT INTO `comuna` VALUES (5602, 'ALGARROBO', 5);
INSERT INTO `comuna` VALUES (5603, 'CARTAGENA', 5);
INSERT INTO `comuna` VALUES (5604, 'EL QUISCO', 5);
INSERT INTO `comuna` VALUES (5605, 'EL TABO', 5);
INSERT INTO `comuna` VALUES (5606, 'SANTO DOMINGO', 5);
INSERT INTO `comuna` VALUES (5701, 'SAN FELIPE', 5);
INSERT INTO `comuna` VALUES (5702, 'CATEMU', 5);
INSERT INTO `comuna` VALUES (5703, 'LLAILLAY', 5);
INSERT INTO `comuna` VALUES (5704, 'PANQUEHUE', 5);
INSERT INTO `comuna` VALUES (5705, 'PUTAENDO', 5);
INSERT INTO `comuna` VALUES (5706, 'SANTA MARÍA', 5);
INSERT INTO `comuna` VALUES (6101, 'RANCAGUA', 6);
INSERT INTO `comuna` VALUES (6102, 'CODEGUA', 6);
INSERT INTO `comuna` VALUES (6103, 'COINCO', 6);
INSERT INTO `comuna` VALUES (6104, 'COLTAUCO', 6);
INSERT INTO `comuna` VALUES (6105, 'DOÑIHUE', 6);
INSERT INTO `comuna` VALUES (6106, 'GRANEROS', 6);
INSERT INTO `comuna` VALUES (6107, 'LAS CABRAS', 6);
INSERT INTO `comuna` VALUES (6108, 'MACHALI', 6);
INSERT INTO `comuna` VALUES (6109, 'MALLOA', 6);
INSERT INTO `comuna` VALUES (6110, 'MOSTAZAL', 6);
INSERT INTO `comuna` VALUES (6111, 'OLIVAR', 6);
INSERT INTO `comuna` VALUES (6112, 'PEUMO', 6);
INSERT INTO `comuna` VALUES (6113, 'PICHIDEGUA', 6);
INSERT INTO `comuna` VALUES (6114, 'QUINTA DE TILCOCO', 6);
INSERT INTO `comuna` VALUES (6115, 'RENGO', 6);
INSERT INTO `comuna` VALUES (6116, 'REQUÍNOA', 6);
INSERT INTO `comuna` VALUES (6117, 'SAN VICENTE', 6);
INSERT INTO `comuna` VALUES (6201, 'PICHILEMU', 6);
INSERT INTO `comuna` VALUES (6202, 'LA ESTRELLA', 6);
INSERT INTO `comuna` VALUES (6203, 'LITUECHE', 6);
INSERT INTO `comuna` VALUES (6204, 'MARCHIHUE', 6);
INSERT INTO `comuna` VALUES (6205, 'NAVIDAD', 6);
INSERT INTO `comuna` VALUES (6206, 'PAREDONES', 6);
INSERT INTO `comuna` VALUES (6301, 'SAN FERNANDO', 6);
INSERT INTO `comuna` VALUES (6302, 'CHEPICA', 6);
INSERT INTO `comuna` VALUES (6303, 'CHIMBARONGO', 6);
INSERT INTO `comuna` VALUES (6304, 'LOLOL', 6);
INSERT INTO `comuna` VALUES (6305, 'NANCAGUA', 6);
INSERT INTO `comuna` VALUES (6306, 'PALMILLA', 6);
INSERT INTO `comuna` VALUES (6307, 'PERALILLO', 6);
INSERT INTO `comuna` VALUES (6308, 'PLACILLA', 6);
INSERT INTO `comuna` VALUES (6309, 'PUMANQUE', 6);
INSERT INTO `comuna` VALUES (6310, 'SANTA CRUZ', 6);
INSERT INTO `comuna` VALUES (7101, 'TALCA', 7);
INSERT INTO `comuna` VALUES (7102, 'CONSTITUCIÓN', 7);
INSERT INTO `comuna` VALUES (7103, 'CUREPTO', 7);
INSERT INTO `comuna` VALUES (7104, 'EMPEDRADO', 7);
INSERT INTO `comuna` VALUES (7105, 'MAULE', 7);
INSERT INTO `comuna` VALUES (7106, 'PELARCO', 7);
INSERT INTO `comuna` VALUES (7107, 'PENCAHUE', 7);
INSERT INTO `comuna` VALUES (7108, 'RÍO CLARO', 7);
INSERT INTO `comuna` VALUES (7109, 'SAN CLEMENTE', 7);
INSERT INTO `comuna` VALUES (7110, 'SAN RAFAEL', 7);
INSERT INTO `comuna` VALUES (7201, 'CAUQUENES', 7);
INSERT INTO `comuna` VALUES (7202, 'CHANCO', 7);
INSERT INTO `comuna` VALUES (7203, 'PELLUHUE', 7);
INSERT INTO `comuna` VALUES (7301, 'CURICÓ', 7);
INSERT INTO `comuna` VALUES (7302, 'HUALAÑÉ', 7);
INSERT INTO `comuna` VALUES (7303, 'LICANTÉN', 7);
INSERT INTO `comuna` VALUES (7304, 'MOLINA', 7);
INSERT INTO `comuna` VALUES (7305, 'RAUCO', 7);
INSERT INTO `comuna` VALUES (7306, 'ROMERAL', 7);
INSERT INTO `comuna` VALUES (7307, 'SAGRADA FAMILIA', 7);
INSERT INTO `comuna` VALUES (7308, 'TENO', 7);
INSERT INTO `comuna` VALUES (7309, 'VICHUQUÉN', 7);
INSERT INTO `comuna` VALUES (7401, 'LINARES', 7);
INSERT INTO `comuna` VALUES (7402, 'COLBÚN', 7);
INSERT INTO `comuna` VALUES (7403, 'LONGAVÍ', 7);
INSERT INTO `comuna` VALUES (7404, 'PARRAL', 7);
INSERT INTO `comuna` VALUES (7405, 'RETIRO', 7);
INSERT INTO `comuna` VALUES (7406, 'SAN JAVIER', 7);
INSERT INTO `comuna` VALUES (7407, 'VILLA ALEGRE', 7);
INSERT INTO `comuna` VALUES (7408, 'YERBAS BUENAS', 7);
INSERT INTO `comuna` VALUES (8101, 'CONCEPCIÓN', 8);
INSERT INTO `comuna` VALUES (8102, 'CORONEL', 8);
INSERT INTO `comuna` VALUES (8103, 'CHIGUAYANTE', 8);
INSERT INTO `comuna` VALUES (8104, 'FLORIDA', 8);
INSERT INTO `comuna` VALUES (8105, 'HUALQUI', 8);
INSERT INTO `comuna` VALUES (8106, 'LOTA', 8);
INSERT INTO `comuna` VALUES (8107, 'PENCO', 8);
INSERT INTO `comuna` VALUES (8108, 'SAN PEDRO DE LA PAZ', 8);
INSERT INTO `comuna` VALUES (8109, 'SANTA', 8);
INSERT INTO `comuna` VALUES (8110, 'TALCAHUANO', 8);
INSERT INTO `comuna` VALUES (8111, 'TOMÉ', 8);
INSERT INTO `comuna` VALUES (8112, 'HUALPÉN', 8);
INSERT INTO `comuna` VALUES (8201, 'LEBU', 8);
INSERT INTO `comuna` VALUES (8202, 'ARAUCO', 8);
INSERT INTO `comuna` VALUES (8203, 'CAÑETE', 8);
INSERT INTO `comuna` VALUES (8204, 'CONTULMO', 8);
INSERT INTO `comuna` VALUES (8205, 'CURANILAHUE', 8);
INSERT INTO `comuna` VALUES (8206, 'LOS ALAMOS', 8);
INSERT INTO `comuna` VALUES (8207, 'TIRÚA', 8);
INSERT INTO `comuna` VALUES (8301, 'LOS ANGELES', 8);
INSERT INTO `comuna` VALUES (8302, 'ANTUCO', 8);
INSERT INTO `comuna` VALUES (8303, 'CABRERO', 8);
INSERT INTO `comuna` VALUES (8304, 'LAJA', 8);
INSERT INTO `comuna` VALUES (8305, 'MULCHÉN', 8);
INSERT INTO `comuna` VALUES (8306, 'NACIMIENTO', 8);
INSERT INTO `comuna` VALUES (8307, 'NEGRETE', 8);
INSERT INTO `comuna` VALUES (8308, 'QUILACO', 8);
INSERT INTO `comuna` VALUES (8309, 'QUILLECO', 8);
INSERT INTO `comuna` VALUES (8310, 'SAN ROSENDO', 8);
INSERT INTO `comuna` VALUES (8311, 'SANTA BÁRBARA', 8);
INSERT INTO `comuna` VALUES (8312, 'TUCAPEL', 8);
INSERT INTO `comuna` VALUES (8313, 'YUMBEL', 8);
INSERT INTO `comuna` VALUES (8401, 'CHILLÁN', 16);
INSERT INTO `comuna` VALUES (8402, 'BULNES', 16);
INSERT INTO `comuna` VALUES (8403, 'COBQUECURA', 16);
INSERT INTO `comuna` VALUES (8404, 'COELEMU', 16);
INSERT INTO `comuna` VALUES (8405, 'COIHUECO', 16);
INSERT INTO `comuna` VALUES (8406, 'CHILLÁN VIEJO', 16);
INSERT INTO `comuna` VALUES (8407, 'EL CARMEN', 16);
INSERT INTO `comuna` VALUES (8408, 'NINHUE', 16);
INSERT INTO `comuna` VALUES (8409, 'ÑIQUÉN', 16);
INSERT INTO `comuna` VALUES (8410, 'PEMUCO', 16);
INSERT INTO `comuna` VALUES (8411, 'PINTO', 16);
INSERT INTO `comuna` VALUES (8412, 'PORTEZUELO', 16);
INSERT INTO `comuna` VALUES (8413, 'QUILLÓN', 16);
INSERT INTO `comuna` VALUES (8414, 'QUIRIHUE', 16);
INSERT INTO `comuna` VALUES (8415, 'RÁNQUIL', 16);
INSERT INTO `comuna` VALUES (8416, 'SAN CARLOS', 16);
INSERT INTO `comuna` VALUES (8417, 'SAN FABIÁN', 16);
INSERT INTO `comuna` VALUES (8418, 'SAN IGNACIO', 16);
INSERT INTO `comuna` VALUES (8419, 'SAN NICOLÁS', 16);
INSERT INTO `comuna` VALUES (8420, 'TREGUACO', 16);
INSERT INTO `comuna` VALUES (8421, 'YUNGAY', 16);
INSERT INTO `comuna` VALUES (9101, 'TEMUCO', 9);
INSERT INTO `comuna` VALUES (9102, 'CARAHUE', 9);
INSERT INTO `comuna` VALUES (9103, 'CUNCO', 9);
INSERT INTO `comuna` VALUES (9104, 'CURARREHUE', 9);
INSERT INTO `comuna` VALUES (9105, 'FREIRE', 9);
INSERT INTO `comuna` VALUES (9106, 'GALVARINO', 9);
INSERT INTO `comuna` VALUES (9107, 'GORBEA', 9);
INSERT INTO `comuna` VALUES (9108, 'LAUTARO', 9);
INSERT INTO `comuna` VALUES (9109, 'LONCOCHE', 9);
INSERT INTO `comuna` VALUES (9110, 'MELIPEUCO', 9);
INSERT INTO `comuna` VALUES (9111, 'NUEVA IMPERIAL', 9);
INSERT INTO `comuna` VALUES (9112, 'PADRE LAS CASAS', 9);
INSERT INTO `comuna` VALUES (9113, 'PERQUENCO', 9);
INSERT INTO `comuna` VALUES (9114, 'PITRUFQUÉN', 9);
INSERT INTO `comuna` VALUES (9115, 'PUCÓN', 9);
INSERT INTO `comuna` VALUES (9116, 'SAAVEDRA', 9);
INSERT INTO `comuna` VALUES (9117, 'TEODORO SCHMIDT', 9);
INSERT INTO `comuna` VALUES (9118, 'TOLTÉN', 9);
INSERT INTO `comuna` VALUES (9119, 'VILCÚN', 9);
INSERT INTO `comuna` VALUES (9120, 'VILLARRICA', 9);
INSERT INTO `comuna` VALUES (9201, 'ANGOL', 9);
INSERT INTO `comuna` VALUES (9202, 'COLLIPULLI', 9);
INSERT INTO `comuna` VALUES (9203, 'CURACAUTÍN', 9);
INSERT INTO `comuna` VALUES (9204, 'ERCILLA', 9);
INSERT INTO `comuna` VALUES (9205, 'LONQUIMAY', 9);
INSERT INTO `comuna` VALUES (9206, 'LOS SAUCES', 9);
INSERT INTO `comuna` VALUES (9207, 'LUMACO', 9);
INSERT INTO `comuna` VALUES (9208, 'PURÉN', 9);
INSERT INTO `comuna` VALUES (9209, 'RENAICO', 9);
INSERT INTO `comuna` VALUES (9210, 'TRAIGUÉN', 9);
INSERT INTO `comuna` VALUES (9211, 'VICTORIA', 9);
INSERT INTO `comuna` VALUES (10101, 'PUERTO MONTT', 10);
INSERT INTO `comuna` VALUES (10102, 'CALBUCO', 10);
INSERT INTO `comuna` VALUES (10103, 'COCHAMÓ', 10);
INSERT INTO `comuna` VALUES (10104, 'FRESIA', 10);
INSERT INTO `comuna` VALUES (10105, 'FRUTILLAR', 10);
INSERT INTO `comuna` VALUES (10106, 'LOS MUERMOS', 10);
INSERT INTO `comuna` VALUES (10107, 'LLANQUIHUE', 10);
INSERT INTO `comuna` VALUES (10108, 'MAULLÍN', 10);
INSERT INTO `comuna` VALUES (10109, 'PUERTO VARAS', 10);
INSERT INTO `comuna` VALUES (10201, 'CASTRO', 10);
INSERT INTO `comuna` VALUES (10202, 'ANCUD', 10);
INSERT INTO `comuna` VALUES (10203, 'CHONCHI', 10);
INSERT INTO `comuna` VALUES (10204, 'CURACO DE VÉLEZ', 10);
INSERT INTO `comuna` VALUES (10205, 'DALCAHUE', 10);
INSERT INTO `comuna` VALUES (10206, 'PUQUELDÓN', 10);
INSERT INTO `comuna` VALUES (10207, 'QUEILÉN', 10);
INSERT INTO `comuna` VALUES (10208, 'QUELLÓN', 10);
INSERT INTO `comuna` VALUES (10209, 'QUEMCHI', 10);
INSERT INTO `comuna` VALUES (10210, 'QUINCHAO', 10);
INSERT INTO `comuna` VALUES (10301, 'OSORNO', 10);
INSERT INTO `comuna` VALUES (10302, 'PUERTO OCTAY', 10);
INSERT INTO `comuna` VALUES (10303, 'PURRANQUE', 10);
INSERT INTO `comuna` VALUES (10304, 'PUYEHUE', 10);
INSERT INTO `comuna` VALUES (10305, 'RÍO NEGRO', 10);
INSERT INTO `comuna` VALUES (10306, 'SAN JUAN DE LA COSTA', 10);
INSERT INTO `comuna` VALUES (10307, 'SAN PABLO', 10);
INSERT INTO `comuna` VALUES (10401, 'CHAITÉN', 10);
INSERT INTO `comuna` VALUES (10402, 'FUTALEUFÚ', 10);
INSERT INTO `comuna` VALUES (10403, 'HUALAIHUÉ', 10);
INSERT INTO `comuna` VALUES (10404, 'PALENA', 10);
INSERT INTO `comuna` VALUES (10501, 'VALDIVIA', 14);
INSERT INTO `comuna` VALUES (10502, 'CORRAL', 14);
INSERT INTO `comuna` VALUES (10503, 'FUTRONO', 14);
INSERT INTO `comuna` VALUES (10504, 'LA UNIÓN', 14);
INSERT INTO `comuna` VALUES (10505, 'LAGO RANCO', 14);
INSERT INTO `comuna` VALUES (10506, 'LANCO', 14);
INSERT INTO `comuna` VALUES (10507, 'LOS LAGOS', 14);
INSERT INTO `comuna` VALUES (10508, 'MÁFIL', 14);
INSERT INTO `comuna` VALUES (10509, 'MARIQUINA', 14);
INSERT INTO `comuna` VALUES (10510, 'PAILLACO', 14);
INSERT INTO `comuna` VALUES (10511, 'PANGUIPULLI', 14);
INSERT INTO `comuna` VALUES (10512, 'RÍO BUENO', 14);
INSERT INTO `comuna` VALUES (11101, 'COYHAIQUE', 11);
INSERT INTO `comuna` VALUES (11102, 'LAGO VERDE', 11);
INSERT INTO `comuna` VALUES (11201, 'AYSÉN', 11);
INSERT INTO `comuna` VALUES (11202, 'CISNES', 11);
INSERT INTO `comuna` VALUES (11203, 'GUAITECAS', 11);
INSERT INTO `comuna` VALUES (11301, 'COCHRANE', 11);
INSERT INTO `comuna` VALUES (11302, 'O´HIGGINS', 11);
INSERT INTO `comuna` VALUES (11303, 'TORTEL', 11);
INSERT INTO `comuna` VALUES (11401, 'CHILE CHICO', 11);
INSERT INTO `comuna` VALUES (11402, 'RÍO IBÁÑEZ', 11);
INSERT INTO `comuna` VALUES (12101, 'PUNTA ARENAS', 12);
INSERT INTO `comuna` VALUES (12102, 'LAGUNA BLANCA', 12);
INSERT INTO `comuna` VALUES (12103, 'RÍO VERDE', 12);
INSERT INTO `comuna` VALUES (12104, 'SAN GREGORIO', 12);
INSERT INTO `comuna` VALUES (12201, 'NAVARINO', 12);
INSERT INTO `comuna` VALUES (12202, 'ANTÁRTICA', 12);
INSERT INTO `comuna` VALUES (12301, 'PORVENIR', 12);
INSERT INTO `comuna` VALUES (12302, 'PRIMAVERA', 12);
INSERT INTO `comuna` VALUES (12303, 'TIMAUKEL', 12);
INSERT INTO `comuna` VALUES (12401, 'NATALES', 12);
INSERT INTO `comuna` VALUES (12402, 'TORRES DEL PAINE', 12);
INSERT INTO `comuna` VALUES (13101, 'SANTIAGO', 13);
INSERT INTO `comuna` VALUES (13102, 'CERRILLOS', 13);
INSERT INTO `comuna` VALUES (13103, 'CERRO NAVIA', 13);
INSERT INTO `comuna` VALUES (13104, 'CONCHALÍ', 13);
INSERT INTO `comuna` VALUES (13105, 'EL BOSQUE', 13);
INSERT INTO `comuna` VALUES (13106, 'ESTACIÓN CENTRAL', 13);
INSERT INTO `comuna` VALUES (13107, 'HUECHURABA', 13);
INSERT INTO `comuna` VALUES (13108, 'INDEPENDENCIA', 13);
INSERT INTO `comuna` VALUES (13109, 'LA CISTERNA', 13);
INSERT INTO `comuna` VALUES (13110, 'LA FLORIDA', 13);
INSERT INTO `comuna` VALUES (13111, 'LA GRANJA', 13);
INSERT INTO `comuna` VALUES (13112, 'LA PINTANA', 13);
INSERT INTO `comuna` VALUES (13113, 'LA REINA', 13);
INSERT INTO `comuna` VALUES (13114, 'LAS CONDES', 13);
INSERT INTO `comuna` VALUES (13115, 'LO BARNECHEA', 13);
INSERT INTO `comuna` VALUES (13116, 'LO ESPEJO', 13);
INSERT INTO `comuna` VALUES (13117, 'LO PRADO', 13);
INSERT INTO `comuna` VALUES (13118, 'MACUL', 13);
INSERT INTO `comuna` VALUES (13119, 'MAIPÚ', 13);
INSERT INTO `comuna` VALUES (13120, 'ÑUÑOA', 13);
INSERT INTO `comuna` VALUES (13121, 'PEDRO AGUIRRE', 13);
INSERT INTO `comuna` VALUES (13122, 'PEÑALOLÉN', 13);
INSERT INTO `comuna` VALUES (13123, 'PROVIDENCIA', 13);
INSERT INTO `comuna` VALUES (13124, 'PUDAHUEL', 13);
INSERT INTO `comuna` VALUES (13125, 'QUILICURA', 13);
INSERT INTO `comuna` VALUES (13126, 'QUINTA NORMAL', 13);
INSERT INTO `comuna` VALUES (13127, 'RECOLETA', 13);
INSERT INTO `comuna` VALUES (13128, 'RENCA', 13);
INSERT INTO `comuna` VALUES (13129, 'SAN JOAQUÍN', 13);
INSERT INTO `comuna` VALUES (13130, 'SAN MIGUEL', 13);
INSERT INTO `comuna` VALUES (13131, 'SAN RAMÓN', 13);
INSERT INTO `comuna` VALUES (13132, 'VITACURA', 13);
INSERT INTO `comuna` VALUES (13201, 'PUENTE ALTO', 13);
INSERT INTO `comuna` VALUES (13202, 'PIRQUE', 13);
INSERT INTO `comuna` VALUES (13203, 'SAN JOSÉ DE MAIPO', 13);
INSERT INTO `comuna` VALUES (13301, 'COLINA', 13);
INSERT INTO `comuna` VALUES (13302, 'LAMPA', 13);
INSERT INTO `comuna` VALUES (13303, 'TILTIL', 13);
INSERT INTO `comuna` VALUES (13401, 'SAN BERNARDO', 13);
INSERT INTO `comuna` VALUES (13402, 'BUIN', 13);
INSERT INTO `comuna` VALUES (13403, 'CALERA DE TANGO', 13);
INSERT INTO `comuna` VALUES (13404, 'PAINE', 13);
INSERT INTO `comuna` VALUES (13501, 'MELIPILLA', 13);
INSERT INTO `comuna` VALUES (13502, 'ALHUÉ', 13);
INSERT INTO `comuna` VALUES (13503, 'CURACAVÍ', 13);
INSERT INTO `comuna` VALUES (13504, 'MARÍA PINTO', 13);
INSERT INTO `comuna` VALUES (13505, 'SAN PEDRO', 13);
INSERT INTO `comuna` VALUES (13601, 'TALAGANTE', 13);
INSERT INTO `comuna` VALUES (13602, 'EL MONTE', 13);
INSERT INTO `comuna` VALUES (13603, 'ISLA DE MAIPO', 13);
INSERT INTO `comuna` VALUES (13604, 'PADRE HURTADO', 13);
INSERT INTO `comuna` VALUES (13605, 'PEÑAFLOR', 13);
INSERT INTO `comuna` VALUES (13606, 'ALTO HOSPICIO', 1);
INSERT INTO `comuna` VALUES (13607, ' CHOLCHOL', 9);
INSERT INTO `comuna` VALUES (13608, 'ALTO BIOBIO', 8);

-- ----------------------------
-- Table structure for contacto
-- ----------------------------
DROP TABLE IF EXISTS `contacto`;
CREATE TABLE `contacto`  (
  `id_votante` int NOT NULL,
  `id_contacto` int NOT NULL
) ENGINE = InnoDB CHARACTER SET = latin1 COLLATE = latin1_swedish_ci ROW_FORMAT = Compact;

-- ----------------------------
-- Records of contacto
-- ----------------------------

-- ----------------------------
-- Table structure for region
-- ----------------------------
DROP TABLE IF EXISTS `region`;
CREATE TABLE `region`  (
  `id_region` int NOT NULL,
  `glosa_region` varchar(128) CHARACTER SET latin1 COLLATE latin1_swedish_ci NOT NULL,
  `num_romano` varchar(5) CHARACTER SET latin1 COLLATE latin1_swedish_ci NOT NULL,
  `id_pais` int NOT NULL,
  PRIMARY KEY (`id_region`) USING BTREE,
  INDEX `num_romano`(`num_romano` ASC) USING BTREE
) ENGINE = InnoDB CHARACTER SET = latin1 COLLATE = latin1_swedish_ci COMMENT = 'tabla parametrica de regiones de Chile' ROW_FORMAT = COMPACT;

-- ----------------------------
-- Records of region
-- ----------------------------
INSERT INTO `region` VALUES (1, 'REGIÓN DE TARAPACÁ', 'I', 13);
INSERT INTO `region` VALUES (2, 'REGIÓN DE ANTOFAGASTA', 'II', 13);
INSERT INTO `region` VALUES (3, 'REGIÓN DE ATACAMA', 'III', 13);
INSERT INTO `region` VALUES (4, 'REGIÓN DE COQUIMBO', 'IV', 13);
INSERT INTO `region` VALUES (5, 'REGIÓN DE VALPARAÍSO', 'V', 13);
INSERT INTO `region` VALUES (6, 'REGIÓN DEL LIBERTADOR GENERAL BERNARDO O\'HIGGINS', 'VI', 13);
INSERT INTO `region` VALUES (7, 'REGIÓN DEL MAULE', 'VII', 13);
INSERT INTO `region` VALUES (8, 'REGIÓN DEL BÍO - BÍO', 'VIII', 13);
INSERT INTO `region` VALUES (9, 'REGIÓN DE LA ARAUCANÍA', 'IX', 13);
INSERT INTO `region` VALUES (10, 'REGIÓN DE LOS LAGOS', 'X', 13);
INSERT INTO `region` VALUES (11, 'REGIÓN AYSÉN DEL GENERAL CARLOS IBÁÑEZ DEL CAMPO', 'XI', 13);
INSERT INTO `region` VALUES (12, 'REGIÓN DE MAGALLANES Y LA ANTÁRTICA CHILENA', 'XII', 13);
INSERT INTO `region` VALUES (13, 'REGIÓN METROPOLITANA', 'XIII', 13);
INSERT INTO `region` VALUES (14, 'REGIÓN DE LOS RÍOS', 'XIV', 13);
INSERT INTO `region` VALUES (15, 'REGIÓN DE ARICA Y PARINACOTA', 'XV', 13);
INSERT INTO `region` VALUES (16, 'REGIÓN DE ÑUBLE', 'XVI', 13);

-- ----------------------------
-- Table structure for tipo_contacto
-- ----------------------------
DROP TABLE IF EXISTS `tipo_contacto`;
CREATE TABLE `tipo_contacto`  (
  `id_contacto` int UNSIGNED NOT NULL AUTO_INCREMENT,
  `glosa_contacto` varchar(255) CHARACTER SET latin1 COLLATE latin1_swedish_ci NOT NULL,
  PRIMARY KEY (`id_contacto`) USING BTREE
) ENGINE = InnoDB AUTO_INCREMENT = 5 CHARACTER SET = latin1 COLLATE = latin1_swedish_ci ROW_FORMAT = Compact;

-- ----------------------------
-- Records of tipo_contacto
-- ----------------------------
INSERT INTO `tipo_contacto` VALUES (1, 'Web');
INSERT INTO `tipo_contacto` VALUES (2, 'TV');
INSERT INTO `tipo_contacto` VALUES (3, 'Redes Sociales');
INSERT INTO `tipo_contacto` VALUES (4, 'Amigo');

-- ----------------------------
-- Table structure for votante
-- ----------------------------
DROP TABLE IF EXISTS `votante`;
CREATE TABLE `votante`  (
  `id_votante` int UNSIGNED NOT NULL AUTO_INCREMENT,
  `nom_ap_votante` varchar(255) CHARACTER SET latin1 COLLATE latin1_swedish_ci NOT NULL,
  `alias_votante` varchar(255) CHARACTER SET latin1 COLLATE latin1_swedish_ci NOT NULL,
  `rut_votante` int NOT NULL,
  `dv_votante` varchar(1) CHARACTER SET latin1 COLLATE latin1_swedish_ci NOT NULL,
  `email_votante` varchar(255) CHARACTER SET latin1 COLLATE latin1_swedish_ci NOT NULL,
  `votante_voto` tinyint(1) NULL DEFAULT 0,
  `region_votante` int NOT NULL,
  `comuna_votante` int NOT NULL,
  PRIMARY KEY (`id_votante`) USING BTREE
) ENGINE = InnoDB AUTO_INCREMENT = 1 CHARACTER SET = latin1 COLLATE = latin1_swedish_ci ROW_FORMAT = Compact;

-- ----------------------------
-- Records of votante
-- ----------------------------

-- ----------------------------
-- Table structure for voto
-- ----------------------------
DROP TABLE IF EXISTS `voto`;
CREATE TABLE `voto`  (
  `id_votante` int NOT NULL,
  `id_candidato` int NOT NULL,
  `fecha_voto` datetime NOT NULL
) ENGINE = InnoDB CHARACTER SET = latin1 COLLATE = latin1_swedish_ci ROW_FORMAT = Compact;

-- ----------------------------
-- Records of voto
-- ----------------------------

SET FOREIGN_KEY_CHECKS = 1;
